DesignRoleTechnique;LOC;CC;Efferent;NOP;CLOC
UNDEFINED;48;10;13;4;149;
[RESULTCACHINGSTRATEGY];29;6;9;3;131;
[FIELDBRIDGE];48;11;9;4;131;
[FRESHENTITIESHANDLER];29;6;9;3;131;
[HASGETFILE];29;6;9;3;131;
[ENTITIESLISTITEMRENDERER];29;6;9;3;131;
ABSTRACTCOMPOSITEATOMPRODUCER;29;6;9;3;131;
[INTEGRATOR];29;6;9;3;131;
[SESSIONEVENTDATA| HASTRANSUNITUPDATEDDATA];29;6;9;3;131;
[PERIODMOVEMENTSAVINGLOGIC| PERIODMOVEMENTUPDATINGLOGIC];29;6;9;3;131;
[COMMANDFAILUREEVENT];29;6;9;3;131;
[ORG.ZANATA.WEBTRANS.CLIENT.HISTORY.WINDOW.LOCATION];29;6;9;3;131;
[PROJECTCOMPONENTFACTORY];29;6;9;3;131;
[ITEMTOKENPARSER.ITEMPARSER];29;6;9;3;131;
[TENSORENTRYGENERATOR];39;12;15;3;131;
[ATTRIBUTECONVERTER];29;6;9;3;131;
[LOGGEDINUSERPROVIDER];29;6;9;3;131;
CUSTOMFIELDSERIALIZER;29;6;11;3;131;
IMAGEREADPARAM;29;6;9;3;131;
ABSTRACTINDEXINGSTRATEGY;29;6;9;3;131;
DEFAULTMUTABLETREENODE;29;6;9;3;131;
[CLOSINGSAVINGLOGIC];29;6;9;3;131;
[USERDELETINGLOGIC];29;6;9;3;131;
[RESULT| GETOBJECTRESULT];29;6;9;3;131;
[CLIENTOBJECTENCODER];29;6;9;3;131;
[COMPOSITEFILTER];29;6;9;3;131;
[DATATYPECRITERIA];29;6;9;3;131;
[HASQUEUEDISPATCH];29;6;9;3;131;
JCOMPONENT;113;25;25;3;1420;
[SUGGESTIONSRESOURCE];29;6;14;5;192;
[REGISTRATIONCLIENT];29;6;11;3;131;
[CREATEPROJECTREQUESTHANDLER];29;6;9;3;131;
[AUTHENTICATIONMANAGER];29;6;11;4;131;
TEXTRENDERER;29;6;9;3;131;
TAGW;102;26;19;4;911;
AUTOCOMPLETERENDERER;101;21;16;3;167;
ABSTRACTCREATEDPROPERTIES;29;6;9;3;131;
[OWLONTOLOGYMANAGER];29;6;9;3;374;
BROKERFILTER;29;6;9;3;131;
[EVENTWRAPPER];29;6;9;3;131;
COMMANDBUTTONRENDERER;31;9;9;3;168;
[TIMERFACTORY];29;6;9;3;131;
MOUSEEVENT;29;6;9;3;131;
JPOPUPMENU;42;9;15;3;131;
VALUELISTBOX;29;6;9;3;131;
DEFAULTMATCHERQUERYEXECUTER;29;6;9;3;131;
[APIKEYCHECKER];29;6;10;3;131;
ABSTRACTMAP;29;6;9;4;260;
SUGGESTORACLE;29;7;11;3;131;
[LOADPROJECTREQUESTHANDLER];29;6;9;3;131;
ATOMBASEDCAMELCONFIGURATORIMPL;29;6;9;3;131;
[EDITPROJECTPREFIXDECLARATIONSHANDLER];29;6;9;3;131;
[AUTOCOMPLETIONHANDLER];29;6;10;4;131;
[CLIENTREQUESTFILTER| CLIENTRESPONSEFILTER];29;6;9;3;166;
[OWLONTOLOGYDOCUMENTSOURCE];29;6;9;3;131;
[TRUSTSTRATEGY];34;9;12;3;131;
ABSTRACTWEBPROTEGEPORTLETPRESENTER;29;6;9;3;131;
[WATCHMANAGER];29;6;9;3;131;
ABSTRACTDICOMNODE;29;6;9;3;131;
BASEEVENT;29;6;9;3;131;
[ANNOTATIONPROPERTYCRITERIA];29;6;9;3;131;
[FRAMERENDERER];29;6;11;3;131;
[KEYPAIRALIASDERIVATIONSTRATEGY];29;6;9;3;131;
[EDITORPANEPRESENTER];29;6;9;3;131;
JMSCONFIGURATION;29;6;9;3;131;
[GRAPHICLABEL];29;7;10;5;311;
[DELEGATINGFILTER];29;6;9;3;131;
[ITEMTOKENPARSER.ITEMTYPEMAPPER];29;6;9;3;131;
[HASBROWSERTEXT| HASSIGNATURE];29;6;9;3;131;
[TEMPFILEFACTORY];29;6;9;3;131;
[CONTAINER];29;6;12;3;131;
ABSTRACTAUTHENTICATIONRESULT;29;6;9;3;131;
[MATCHINGENGINE];29;6;9;3;131;
[WONMESSAGEPROCESSOR];37;10;12;3;131;
PLACE;29;6;9;3;131;
[DISTINCTCOLOR];29;6;9;3;131;
[TRANSLATIONWORKSPACEMANAGER];29;6;14;5;276;
[TRANSLATIONRESOURCE];33;6;16;3;154;
[USERDETAILSMANAGER];29;6;9;3;131;
LLKPARSER;116;24;9;3;2582;
[ATOMPROTOCOLCAMELCONFIGURATOR];29;6;9;3;132;
[AUTHENTICATEDACCOUNTHOLDER];29;6;9;3;131;
[HISTORY];29;6;9;3;131;
[PROJECTVERSIONRESOURCE];51;10;23;5;590;
HIERARCHYCHANGECOMPUTER;29;6;12;3;131;
[USERDETAILS];29;6;9;3;131;
DRIVERMANAGERCONNECTIONPROVIDERIMPL;29;6;9;3;131;
JSCROLLPANE;43;10;23;4;131;
ABSTRACTCELL;29;6;9;5;131;
[OWNERCALLBACK];29;6;10;3;170;
[REGEXMATCHCRITERIA];29;6;9;3;131;
PROPERTIES;29;6;9;3;265;
[RESULT| HASPROJECTCHANGES];29;6;9;3;131;
JSONOBJECT;29;16;9;3;131;
[HASLABEL];29;6;9;3;131;
ABSTRACTMOJO;29;6;9;3;131;
MIMEMESSAGE;29;6;9;3;131;
INLINELABEL;29;6;9;3;131;
[WEBHOOKINVOKER];29;6;14;4;131;
EMAIL;31;6;9;4;131;
[EDITORMANAGERSELECTOR];29;6;9;3;131;
[TRANSUNITEDITEVENTHANDLER| EXITWORKSPACEEVENTHANDLER| ENTERWORKSPACEEVENTHANDLER];29;6;9;4;166;
[OPTION];127;33;14;3;538;
[PERIODMOVEMENTDELETINGLOGIC| PERIODMOVEMENTUPDATINGLOGIC];29;6;9;3;131;
UNTYPEDACTOR;71;19;22;3;286;
SUBCOMMANDHANDLER;29;6;9;3;131;
[CACHINGDISPATCHASYNC];40;7;16;3;166;
[DISPATCHRESULT];29;6;9;3;131;
DEFAULTTABLECELLRENDERER;29;6;9;3;131;
ABSTRACTPULLSTRATEGY;29;6;9;3;131;
[MAILMESSAGE];29;6;9;3;243;
[APPLICATIONINITMANAGER.APPLICATIONINITIALIZATIONTASK];29;6;9;3;131;
JMENU;29;6;9;3;131;
[CLIENTREQUESTFILTER];29;6;9;3;131;
[RUNVALIDATIONEVENTHANDLER];29;6;9;4;183;
[HASINITIALFOCUSABLE];29;6;9;3;131;
[MONITORINGRESETTER];29;6;9;3;131;
JTOGGLEBUTTON;29;6;9;3;131;
[HASGETCHANGESUBJECTS];29;6;9;3;131;
[DCMMEDIAREADER];37;10;14;6;354;
[ROOTONTOLOGYDOCUMENTFILEMATCHER];29;6;9;3;131;
HASENTRYDATA;29;6;9;3;131;
[OWLOBJECTRENDERER];47;11;9;4;729;
ABSTRACTRENDERER;29;7;9;3;131;
[LISTBOXCELLRENDERER];29;6;9;3;131;
[DRAGGABLE];48;22;14;3;137;
[ANNOTATIONCRITERIA];29;6;9;3;131;
[FORMFIELDDESCRIPTOR];29;6;9;3;131;
TEST;29;6;10;3;155;
[RAWPROJECTSOURCESEXTRACTOR];29;6;9;3;131;
[APPORTIONMENTVALIDATOR];29;6;9;3;131;
[BROKERPLUGIN];29;6;9;3;131;
[COMPARATOR];63;15;9;3;131;
[CONSTRAINTVALIDATORFACTORY];29;6;9;3;131;
[SUPPLIER];29;6;9;3;131;
[TWOWAYSTRINGBRIDGE];29;6;9;3;131;
[USERSAVINGLOGIC| USERUPDATINGLOGIC];29;6;9;3;131;
SYNCHEVENT;29;6;9;3;131;
[OWNERPROTOCOLCAMELCONFIGURATOR];29;6;9;3;227;
ABSTRACTATOMPRODUCERWRAPPER;29;6;9;3;131;
ABSTRACTPREAUTHENTICATEDPROCESSINGFILTER;39;8;11;3;131;
COMPOSITE;29;6;9;3;147;
[NODEURISOURCE];29;6;9;3;131;
INPUTNUMBERRENDERER;29;6;9;4;131;
[USERRESOURCE];29;6;11;3;306;
SERIALIZER;29;6;9;3;131;
[CONNECTIONPROVIDER| CONFIGURABLE| STOPPABLE];29;6;9;3;131;
[CACHEWRAPPER];29;6;9;3;131;
[ENTITIESCREATEDHANDLER];29;6;9;3;131;
[MESSAGECOMMANDEVENT];29;6;9;3;131;
GENERICOPENIDPROVIDER;29;6;9;3;131;
[UPLOADANDMERGEHANDLER];29;6;9;3;131;
[CONSOLEINTERACTOR];29;8;9;3;204;
[LOADABLEEXTENSION];29;6;9;3;169;
[RESULT| HASEVENTLIST];29;6;9;3;131;
FLOWPANEL;29;6;10;5;146;
[PRINTABLE];46;11;15;4;229;
[EXTENSION];47;6;11;3;131;
[OWLPRIMITIVEDATAVISITOR];29;6;9;3;131;
[SERVLETEXTENSION];30;8;9;3;131;
FILTER;29;6;9;3;131;
[ICON];33;7;9;4;131;
[ASYNCHRONOUSPROCESSRESOURCE];29;8;16;8;182;
[SAMPLEDATARESOURCE];29;6;11;3;205;
BOTCONTEXTWRAPPER;29;6;9;3;131;
[ATOMPRODUCERWRAPPER];29;6;9;3;131;
[ACCESSCONTROLRULES];36;11;9;3;131;
[SIMPLESTRINGCRITERIA];29;6;9;3;131;
[ROLEORACLE];29;6;9;3;131;
GRIDBAGCONSTRAINTS;29;6;9;3;131;
HTTPCONFIGURATIONPROVIDER;29;6;17;3;240;
ACTION;37;6;14;3;131;
[REQUESTVALIDATOR];29;6;9;3;131;
BASETRANSLATIONCOUNT;29;6;9;3;131;
[DATECRITERIA];29;6;9;3;131;
ABSTRACTOP;43;14;15;3;131;
[CONTAINERREQUESTFILTER| READERINTERCEPTOR];29;6;13;3;131;
[PERSPECTIVELINKMANAGER];29;6;9;3;131;
ACTIVITY;77;15;37;3;147;
[ITERABLE];29;6;9;3;131;
JPROGRESSBAR;29;6;9;3;154;
LINKEDDATARESTCLIENT;29;6;10;3;131;
[INTEGRATORPROVIDER];29;6;9;3;131;
[ACCOUNTRESOURCE];29;6;13;3;157;
[MOVEMENTCLASSSAVINGLOGIC| MOVEMENTCLASSUPDATINGLOGIC];29;6;9;3;131;
[POSTEDAXIOMSLOADRESPONSE];29;6;9;3;131;
[ANNOTATIONASSERTIONAXIOMSINDEX];29;6;9;3;131;
[FIELDBRIDGE| PARAMETERIZEDBRIDGE];29;6;9;4;131;
[PROJECTDETAILSMANAGER];29;6;13;3;131;
EXPLICITBOOLEANOPTIONHANDLER;29;6;9;3;131;
[HASDISPOSE| HASPOSTEVENTS];29;6;10;3;151;
[IRICRITERIA];29;6;9;3;131;
[EMAILQUEUEMESSAGERECEIVER.JMSMESSAGEPAYLOADHANDLER];29;6;11;3;131;
[BOTCONTEXT];29;6;9;3;233;
JPANEL;109;15;20;4;316;
ADAPTER;88;28;21;5;284;
ABSTRACTAXIOMMATCHER;29;6;11;3;131;
[ZANATACOMMAND];29;6;10;3;177;
[IRISHORTFORMPROVIDER];57;15;14;3;131;
CMD;29;6;23;3;131;
[PROJECTPERMISSIONSMANAGER];29;6;9;3;131;
MESSAGESRENDERER;29;6;9;3;131;
[PROVIDER];29;6;10;3;131;
[BIDIRECTIONALSHORTFORMPROVIDER];31;6;9;3;131;
ABSTRACTSOCKET;29;6;9;3;187;
JSONSERIALIZER;29;6;9;3;131;
CDIRUNNER;29;6;9;3;131;
POINT2D;29;8;9;3;131;
JSLIDER;29;6;9;3;131;
HTMLINPUTTEXT;29;6;9;3;131;
[ORG.ZANATA.WEBTRANS.CLIENT.HISTORY.WINDOW];29;6;9;3;131;
[SHORTFORMPROVIDER];29;6;9;3;131;
ANALYZER;29;6;9;3;131;
HASHMAP;29;6;9;3;131;
[HASTMMERGECRITERIA];29;6;9;3;131;
[NATIVECODEC];121;30;24;3;330;
[TRANSUNITUPDATEDEVENTHANDLER];29;6;9;3;131;
[OWLAXIOMVISITOREX];29;6;14;3;163;
[HEADERVALUE];29;6;9;3;131;
[VERSIONRESOURCE];29;6;9;3;131;
HASENTRY;55;14;18;4;279;
JACKSONJSONPROVIDER;29;6;9;4;131;
PERSISTENCE;29;6;13;5;178;
[CLASSIRIRENDERER];29;6;9;3;131;
[CALLABLE];29;6;13;3;131;
[CACHECONTAINER];29;6;9;3;131;
[ENTRYPOINT];34;6;9;3;370;
[EVENT];29;6;9;3;131;
[SIGNOUTREQUESTHANDLER];29;6;9;3;131;
[VERSIONSTATECACHE];29;6;9;3;144;
WEBPROTEGEEVENT;29;6;9;3;131;
[SESSIONEVENTDATA| HASENTERWORKSPACEDATA];29;6;9;3;131;
[TRANSLATIONSRESOURCEEXTENSION];29;10;9;3;131;
[DOCUMENTWITHID];29;10;9;3;131;
[FIXEDMOVEMENTSAVINGLOGIC];29;6;9;3;131;
JTABBEDPANE;55;11;13;3;618;
COLORSPACE;29;6;9;3;131;
DIALOG;77;10;20;3;184;
[APPABORTSTRATEGY];29;6;9;3;131;
[TRANSUNITRESOURCE];29;6;12;3;131;
WRITER;29;6;9;3;131;
[AVAILABLEPROJECTFILTER];29;6;9;3;131;
[VALUECHANGEHANDLER];29;6;14;3;231;
ABSTRACTANNOTATIONCHANGE;29;6;9;3;131;
[HASAPPLYCHANGES];77;8;18;5;287;
[CLOSEABLE];51;15;18;3;757;
[ATOMCONSUMER];29;6;9;3;131;
CONTROLLER;45;10;17;10;590;
[HTTPSECURITYCONFIGURATION];29;6;9;3;131;
[INITIALIZATIONTASK];29;6;9;3;131;
ABSTRACTWEBWORKFLOW;29;6;9;4;131;
[TEXTFLOWEXTENSION| TEXTFLOWTARGETEXTENSION];29;7;9;3;131;
SPARQLFUNCTION;45;11;13;3;131;
[LITERALRENDERER];31;8;9;3;131;
[DOCUMENTCONVERTER];29;6;9;3;131;
[RESULTCACHEINVALIDATIONEVENTHANDLER];29;6;9;3;131;
[TRANSLATIONSTATECACHE];29;6;9;4;298;
CHARSCANNER;231;107;10;3;868;
[LINKRENDERERPLUGIN];29;6;9;3;131;
[HASGETENTITIESWITHIRI];29;6;9;3;131;
[FILERESOURCE];65;14;35;6;517;
[CHANGEMATCHER];56;12;16;3;131;
[TEXTFLOWRESOURCE];29;6;12;3;131;
[STATISTICRESOURCE];29;6;12;4;131;
[RESOURCEFACTORY];29;6;9;3;131;
CHECKBOX;29;6;9;3;131;
TEXTMESSAGECOMMAND;29;6;9;3;131;
STDDESERIALIZER;44;14;11;3;131;
[SESSIONEVENTDATA| HASWORKSPACECONTEXTUPDATEDATA];29;6;9;3;131;
[HASHASANCESTOR];29;6;9;3;131;
[ANNOTATIONSETCRITERIA];29;6;9;3;131;
EVENT;29;6;9;3;131;
UNBOUNDEDSTABLEPRIORITYMAILBOX;29;6;9;3;131;
SOLRQUERYFACTORY;29;6;9;3;131;
[CRITERIAPRESENTER];29;6;9;3;131;
GENERICPROXY;51;20;13;3;196;
ABSTRACTPRESENTERMODULE;43;6;9;3;321;
[DELETECONFIRMATIONPROMPT];29;6;9;3;131;
MEDIASERIESGROUPNODE;38;12;14;4;443;
[APIROOTRESOURCE];29;6;12;4;131;
[VALIDATOR];29;6;9;3;131;
[BASICOPTIONS];29;6;9;3;153;
WEASISLAUNCHER;38;6;9;3;131;
[RESULT| HASPROJECTID];29;6;9;3;131;
[GLOSSARYRESOURCE];29;6;14;7;631;
TASK;33;9;10;3;131;
CALENDARRENDERER;29;6;9;5;131;
ROUTEBUILDER;29;6;11;3;131;
[MEDIASERIESGROUP];29;6;9;3;131;
LOCALIZERPOSTER;29;6;9;6;131;
[RESULT| HASSIGNATURE| HASPROJECTID];29;6;9;3;131;
ABSTRACTBINDER;29;6;9;3;131;
ABSTRACTRESULTCACHINGSTRATEGY;38;6;9;3;131;
[VEHICLESAVINGLOGIC];29;6;9;3;131;
MODULE;29;6;9;3;131;
[MESSAGEDIGESTALGORITHM];29;6;9;3;131;
[PROGRESSDISPLAY];29;6;9;3;131;
[LOGINMODULE];42;9;16;4;131;
OPERATIONDESCRIPTORIMPL;41;7;16;7;131;
[INDIRECTACTORPRODUCER];29;6;9;3;131;
ASYNCTASK;29;6;9;3;131;
BOTMANAGERIMPL;29;6;9;3;137;
ALTERNATESMTPAPPENDER;29;6;9;3;131;
[DICOMSPECIALELEMENTFACTORY];29;6;9;3;131;
APPLICATION;29;6;9;3;131;
[CHANGEDESCRIPTIONGENERATOR];29;6;9;3;131;
[ENUMERATION];29;6;9;3;131;
[RESULT| HASPROJECTID| HASEVENTLIST];29;6;9;3;131;
[PROJECTSRESOURCE];29;6;13;3;131;
[USERSAVINGLOGIC];29;6;9;3;131;
[USERCONFIGCHANGEHANDLER];51;6;9;3;353;
IMAGEWRITEPARAM;35;10;15;3;166;
ENTITY;29;7;9;3;131;
FLEXTABLE;37;6;12;3;521;
SWINGWORKER;97;21;23;3;281;
HTTPSESSIONHANDSHAKEINTERCEPTOR;29;6;9;4;131;
[CHANGEPASSWORDHANDLER];29;6;9;3;131;
[SOLRMATCHERQUERYEXECUTOR];36;7;9;4;131;
[MULTILINGUALDICTIONARY];29;6;9;3;131;
[HASDISPOSE| PRESENTER];29;6;9;3;131;
[PULLSTRATEGY];29;6;9;3;131;
[LEXICALVALUECRITERIA];29;6;9;3;131;
ANCHOR;37;6;9;3;210;
[TAGABLE];32;11;10;3;156;
TEXTAREA;29;6;9;3;131;
ABSTRACTASYNCCALLBACK;29;6;9;3;131;
CACHECONTROLFILTER;29;6;9;3;131;
LISTBOX;29;6;9;4;185;
ABSTRACTCAMELPROCESSOR;57;15;16;3;131;
[RESULT| HASUSERID| HASPROJECTID];29;6;9;3;131;
ABSTRACTEXTENSIONID;29;6;9;3;131;
[EDGE];29;6;9;3;131;
[OPENIDPROVIDER];29;6;9;3;169;
ABSTRACTRESOURCEMETA;29;7;9;3;131;
[DISPATCHERRORMESSAGEDISPLAY];29;6;9;3;131;
POINTOPIMAGE;30;8;9;3;278;
[SOCKETDEFINITION];29;6;9;3;131;
ELEMSET;29;6;9;3;131;
[COSTCENTERSAVINGLOGIC];29;6;9;3;131;
[HIERARCHYPROVIDER];29;6;9;3;131;
IMAGEREADERSPI;50;23;9;3;131;
LOGINURLAUTHENTICATIONENTRYPOINT;29;6;9;3;131;
ONTOLOGYIRISHORTFORMPROVIDER;29;6;9;3;131;
CRITERIALISTPRESENTER;29;6;9;3;131;
IMAGEWRITERSPI;34;10;9;3;131;
[RESOURCE];29;6;9;3;131;
EVENTLIST;29;6;9;3;131;
ABSTRACTFOLDER;29;6;9;3;131;
[WEBPROTEGESESSION];29;6;9;3;131;
[SET];29;7;9;3;135;
[PROPERTYVALUESUBSUMPTIONCHECKER];44;14;13;3;131;
[INVOCATIONHANDLER];35;13;9;3;131;
ABSTRACTMOVEDPROPERTIES;29;6;9;3;131;
IMAGEWRITER;158;42;17;5;527;
JCOMBOBOX;29;6;9;3;131;
[ISSUEEVENT];29;6;9;3;131;
[HASDATAFACTORY];29;6;9;3;131;
[RESOURCECACHINGSTRATEGY];29;6;9;3;131;
DNASEQUENCE;29;6;9;3;131;
PERMISSIONPROVIDER;29;6;9;3;652;
[HASGETENTITIESINSIGNATURE];29;6;9;3;131;
[DICOMEXPORTFACTORY];29;6;9;3;131;
COMPLETABLEFUTURE;29;6;9;3;131;
[SIGNINREQUIREDHANDLER];29;6;9;3;131;
[CLIENTRESPONSEFILTER];29;7;13;3;131;
[KEYINFORMATIONEXTRACTOR];29;6;9;3;131;
[LOADPROJECTINNEWWINDOWREQUESTHANDLER];29;6;9;3;131;
ABSTRACTISSUEEVENT;29;6;9;3;131;
[STATISTICSRESOURCE];52;13;24;5;601;
[GETOBJECTRESULT];29;6;9;3;131;
OBOTERMMETADATA;29;6;9;3;131;
EXCEPTION;29;6;9;3;131;
[MATCHER];29;6;9;3;131;
[ACCESSDECISIONVOTER];29;6;11;3;131;
[TRANSMEMORYMERGEPOPUPPANELDISPLAY];29;6;9;3;131;
[HASDISPOSE| HASPROJECTID];29;6;11;3;131;
[TRANSFORMER];29;6;9;3;131;
[TEXTFLOWEXTENSION];45;16;9;3;139;
[ALIASGENERATOR];29;6;9;3;131;
[FUNCTION];61;15;9;3;131;
[HMACSIGNATURE];29;6;9;3;131;
[ANNOTATIONPROPERTYIRIRENDERER];29;6;9;3;131;
[BASTATEMANAGER];29;6;9;5;131;
JLABEL;99;22;24;5;388;
[SESSIONEVENTDATA| HASTRANSUNITEDITDATA];29;6;9;3;131;
[CONFIGURATIONTASK];30;6;9;3;131;
CLASSLOADERLEAKPREVENTOR;29;6;9;3;131;
[RESULT];29;6;9;3;131;
PROGRESSMONITOR;29;6;9;3;131;
MEDIAELEMENT;49;19;17;4;611;
[X509KEYMANAGER];29;6;9;3;131;
[CONNECTIONIDGENERATOR];29;6;9;3;131;
[TMXEXPORTSTRATEGY];29;6;9;3;194;
[MASSINDEXERPROGRESSMONITOR];29;6;9;3;131;
COMPLEXPANEL;29;6;9;3;131;
[ACTIVEPROJECTMANAGER];29;6;9;3;131;
ABSTRACTCOMMONPUSHSTRATEGY;29;6;10;6;131;
JSONDESERIALIZER;60;28;9;3;131;
SIMPLERENDEREDIMAGE;41;11;14;3;131;
DEFAULTTREECELLRENDERER;29;6;11;7;131;
[HASUSERID];29;6;9;3;131;
BASECOMMANDSUCCESSEVENT;29;6;9;3;131;
[HASSUBJECT];29;6;9;3;131;
[LOGGEDINUSERPROJECTPERMISSIONCHECKER];29;6;9;3;131;
[ROOTCRITERIA];29;6;9;3;131;
[CONVERTER];56;15;24;3;131;
[ITEXTFLOWTARGET];29;10;9;3;131;
[CRITERIAPRESENTERFACTORY];29;6;9;3;131;
[ACTIVELANGUAGESMANAGER];29;6;9;3;131;
UICOMPONENTBASE;34;13;9;3;500;
[ITERATOR];29;8;9;3;131;
VIEW;50;11;17;3;136;
BOTBEHAVIOUR;164;25;30;3;178;
[TRANSLATIONWORKSPACE];29;6;9;3;201;
[ITEXTFLOW];29;12;9;3;160;
[WONMESSAGEPROCESSOR| WONMESSAGESENDER];29;6;9;3;131;
[SUGGESTORACLE.SUGGESTION];29;6;9;3;131;
[TRASHMANAGERREQUESTHANDLER];29;6;9;3;131;
BULKCSVUPLOAD;82;21;21;3;157;
ABSTRACTEMAILSTRATEGY;29;6;9;3;131;
[ANNOTATIONVALUECRITERIA];29;6;9;3;131;
[UUIDABLE];29;6;9;3;131;
[MEDIAREADER];38;7;10;3;332;
TEMPORARYFOLDER;29;6;9;3;131;
LABEL;29;6;9;3;131;
[SHAPE];36;8;9;4;549;
[HASANNOTATIONASSERTIONAXIOMS];29;6;9;3;131;
SEARCHRESULT;29;6;9;3;131;
[WEBPROTEGEPLACETOKENIZER];29;6;9;3;131;
[ADDCOLLECTIONITEMPROMPT];29;6;9;3;131;
[CLOSEABLEITERATOR];29;6;9;3;131;
[ASYNCCALLBACK];29;6;9;3;131;
[SHOWPROJECTDETAILSHANDLER];29;6;9;3;131;
[XMLTEMPLATE| UUIDTEMPLATE];29;6;9;3;131;
PROPERTYVALUE;29;6;9;3;131;
[EVENTFILTER];29;6;9;3;131;
[GROUPDELETINGLOGIC];29;6;9;3;131;
ACQUIREOBJECT;29;6;13;4;131;
[FRAMETRANSLATOR];45;13;17;3;131;
[BULKEDITOPERATIONPRESENTER];29;6;9;3;131;
NATIVEIMAGE;29;6;9;3;131;
MENTION;29;6;9;3;131;
[OPMANAGER];30;7;9;3;284;
[PERIODSAVINGLOGIC];29;6;9;3;131;
[PROJECTSHARINGSETTINGSMANAGER];29;6;15;3;131;
[CONSTRAINTVALIDATOR];29;6;15;3;131;
[FILEBASEDATOMPRODUCER];32;6;14;3;131;
EDITORCTX;29;6;9;3;131;
[X509TRUSTMANAGER];29;6;9;3;131;
TRANSLATIONSTATISTICS;29;6;9;3;131;
[PLACEHISTORYMAPPER];29;6;9;3;131;
ABSTRACTRECORDER;29;6;10;3;131;
[CREATEHANDLER];29;6;9;3;131;
BASICOPTIONSIMPL;29;6;9;3;142;
ABSTRACTSINGLECOLUMNSTANDARDBASICTYPE;29;6;9;3;131;
HTTPSERVLET;59;11;23;4;449;
JTREE;29;6;9;3;131;
[DELETEHANDLER];29;6;9;3;131;
[MATCHERNODEURISOURCE];29;6;9;3;131;
WIDGET;33;6;9;3;290;
[PRIVATEKEYSTRATEGY];29;6;9;3;131;
CONFIGURABLECOMMAND;110;28;18;5;381;
METRICCALCULATOR;29;6;9;3;131;
MESSAGEEFFECT;29;6;9;3;131;
[WINDOWTITLEUPDATER];29;6;9;3;131;
SBOLBASEVISITOR;42;10;12;3;242;
[CLIENTOBJECTDECODER];33;7;12;3;131;
[HTTPLINKRENDERER];29;6;9;3;131;
[ABSTRACTRESOURCEMETAEXTENSION];29;10;9;3;131;
BASICTOGGLEBUTTONUI;29;6;9;3;131;
ABSTRACTHASPROJECTIDANDSUBJECT;29;6;9;3;131;
[COMMANDSUCCESSEVENT];29;6;9;3;131;
[TRANSFERENCESAVINGLOGIC];29;6;9;3;131;
[CREATEFRESHPERSPECTIVEREQUESTHANDLER];29;6;9;3;131;
FORMDATAVALUE;29;6;9;3;324;
[OWLONTOLOGYCHECKER];29;6;9;3;131;
[SOURCEDOCRESOURCE];30;6;17;4;447;
[PROJECTLOCALESRESOURCE];29;6;13;3;131;
WEBDRIVERWAIT;29;6;9;3;131;
[CONTEXTRESOLVER];29;6;9;3;131;
TEXTBOX;29;6;9;3;131;
UNTYPEDCONSUMERACTOR;50;10;15;3;143;
STDSERIALIZER;29;6;9;3;131;
SELECTABLECRITERIATYPEPRESENTER;62;6;9;3;131;
[METHODRULE];29;6;9;3;131;
JAPPLET;29;6;9;3;131;
[REALMCONFIGURATION];29;6;9;3;131;
[PREDICATE];29;9;9;3;131;
[EVENTTRANSLATOR];94;13;18;3;131;
[ATOMPRODUCER];29;6;9;3;187;
[PROGRESSBAR];29;6;9;3;131;
[SHOWABOUTBOXHANDLER];29;6;9;3;131;
[BORDER];29;6;9;6;131;
[WEBPROTEGELOGGER];44;6;10;3;131;
PUSHBUTTON;29;6;9;3;131;
ITEM;29;6;9;3;131;
[IAUTHENTICATION];57;11;13;3;337;
[ANIMATEDICONSTATIC];29;6;9;4;131;
ABSTRACTSECTIONRENDERER;29;6;9;3;131;
POPUPPANEL;43;10;9;3;131;
TEXTWEBSOCKETHANDLER;96;24;21;3;762;
[INSERTABLEFACTORY];29;6;9;3;131;
[VALUEEDITOR];48;6;9;3;176;
JRADIOBUTTONMENUITEM;29;6;9;3;131;
[STRUCTUREDCHANGEDESCRIPTION];29;6;9;4;131;
[ITEMRENDERER];29;6;9;3;131;
[FIXEDMOVEMENTDELETINGLOGIC];29;6;9;3;131;
[HASGETRENDERING| HASHTMLBROWSERTEXT];29;6;9;3;131;
[CALLBACK];29;6;9;3;131;
[IRICRITERIA| ANNOTATIONPROPERTYCRITERIA];29;6;9;3;131;
[SESSIONEVENTDATA];29;6;9;3;131;
[CUSTOMTASKCHANGE];42;7;11;3;133;
ABSTRACTLISTFILTER;29;6;9;3;131;
[HASRESULT];29;6;9;3;131;
[BUNDLEACTIVATOR];29;6;9;3;131;
[PERIODDELETINGLOGIC];29;6;9;3;131;
ABSTRACTBASOCKET;108;13;9;3;534;
[BOT];29;6;9;3;227;
[HASUSERDETAIL];29;6;9;3;131;
[TRANSLATEDDOCRESOURCE];31;10;22;6;285;
[SUGGESTIONDETAIL];29;6;9;3;148;
ABSTRACTBUFFERHANDLER;51;9;17;5;474;
[FRAMESECTIONRENDERER];29;6;9;3;131;
[ACCESSMANAGER];29;6;10;3;131;
ABSTRACTCOLLECTION;29;6;9;3;131;
[COMMANDLINERUNNER];88;14;22;3;204;
DOUBLE;29;6;9;3;131;
ABSTRACTTYPEDESCRIPTOR;29;6;9;3;131;
[TRANSUNITSAVEEVENTHANDLER| CHECKSTATEHASCHANGEDHANDLER];29;6;12;3;244;
[WALLETSAVINGLOGIC| WALLETUPDATINGLOGIC];29;6;9;3;131;
[CURRENTUSER];29;6;9;3;131;
TYPESAFEMATCHER;29;6;9;3;131;
ARRAYLIST;38;13;9;3;352;
[READERINTERCEPTOR];29;6;9;3;131;
[IFORMATTER];29;6;9;3;131;
[EVENTBUS];29;6;9;3;215;
[PRIMITIVEDATAPARSER];29;6;10;5;131;
[MAP.ENTRY];29;6;9;3;131;
MODEL;60;17;16;3;244;
GWTEVENT;29;6;9;3;131;
EXTERNALRESOURCE;36;6;13;3;131;
[CONTAINERRESPONSEFILTER];29;6;11;3;131;
[DICOMIMPORTFACTORY];29;6;9;3;131;
[ITEMNAMEATCURSORPARSER];29;6;9;3;131;
[COSTCENTERUPDATINGLOGIC];29;6;9;3;131;
ABSTRACTFORMATTER;52;19;21;3;303;
H2DIALECT;29;6;9;3;131;
STATISTICSOPIMAGE;80;17;14;3;505;
[MONITORINGSTATISTICSRECORDER];29;6;9;3;131;
[NATIVEEVENT];29;6;9;3;131;
[FACTORY];29;6;9;3;131;
ABSTRACTCREATEENTITIESCHANGELISTGENERATOR;29;6;9;3;131;
TAG;29;6;9;3;131;
[SHOWUSERGUIDEHANDLER];29;6;9;3;131;
AUTHORIZATION;29;12;10;3;131;
[USERDETAILSPROVIDER];29;6;9;3;229;
[SENDMAIL];29;6;15;6;131;
ABSTRACTLAYERUI;29;6;9;3;133;
[REGISTRATIONSERVER];29;6;9;3;131;
[DISCRIMINATOR];29;6;9;3;131;
ABSTRACTFILEFILTER;29;6;9;3;131;
[SESSIONEVENTDATA| HASWORKSPACECHATDATA];29;6;9;3;131;
[SOCKETLOGIC];30;6;9;5;528;
[CARDDELETINGLOGIC];29;6;9;3;131;
SIMPLEPRINCIPAL;29;6;9;3;131;
HTML;29;6;9;3;131;
[ITEMSTYLEPROVIDER];29;6;9;3;131;
TRANSFERHANDLER;29;6;10;3;131;
[HASDISPOSE];29;6;10;3;159;
[SIGNINREQUESTHANDLER];29;6;9;3;131;
[CONTAINERREQUESTFILTER];29;7;10;3;258;
[COUNTER];29;6;9;3;131;
[WATCHTRIGGEREDHANDLER];29;6;20;3;131;
[COPYTRANSRESOURCE];29;6;9;4;131;
PRINTOPTIONS;29;6;9;3;197;
[PERIODMOVEMENTDELETINGLOGIC];29;6;9;3;131;
[CONTAINERSTATISTICSCOMMANDOUTPUT];38;10;9;3;146;
[JSONDESERIALIZER];29;6;12;3;131;
[PROCESSOR];29;6;12;3;131;
SERVICE;43;8;18;7;256;
GETPOSSIBLEITEMCOMPLETIONSRESULT;29;6;9;3;131;
[GUIENTRY];29;6;9;3;131;
[LOCALESRESOURCE];29;6;15;4;338;
METRICVALUE;29;6;9;3;131;
COLORMAPOPIMAGE;35;6;9;3;149;
[INDIVIDUALSINDEX];58;14;16;4;154;
[REOPENPERIODLOGIC];29;6;9;3;131;
UICOMMANDBUTTON;29;6;9;3;131;
[DOWNLOADPROJECTREQUESTHANDLER];29;6;9;3;131;
UNTYPEDPRODUCERACTOR;29;6;9;3;153;
[CARDSAVINGLOGIC| CARDUPDATINGLOGIC];29;6;9;3;131;
ABSTRACTFIELDBRIDGE;29;6;9;4;131;
[OWLOBJECTSELECTOR];29;7;9;3;131;
[CHANGELISTGENERATOR];41;11;16;5;131;
IMAGEREADER;71;20;16;3;1472;
ABSTRACTAUTOCOMPLETE;29;6;9;3;131;
[PROJECTITERATIONRESOURCE];29;6;9;3;131;
MONITORINGFILTER;29;6;9;3;131;
[PRESENTER];29;6;9;3;131;
TYPECONVERTER;49;18;17;3;131;
[REVISIONMANAGER];29;7;10;3;131;
ABSTRACTHTTPMESSAGECONVERTER;29;6;9;3;131;
[AUTHENTICATIONMECHANISM];29;6;9;3;131;
[IMAGEOPNODE];29;6;9;3;131;
ABSTRACTCOMPOSITEFILTER;29;6;9;3;131;
[FILTER];31;7;12;3;131;
BASEBOT;29;6;9;3;131;
IMAGEPARAMETERS;29;6;9;3;131;
ABSTRACTDELEGATINGFILTER;29;6;9;3;131;
[ATBACONNECTIONSTATEMANAGER];29;6;9;3;131;
BASICFILTER;29;6;9;3;131;
[SESSIONEVENTDATA| HASEXITWORKSPACEDATA];29;6;9;3;131;
SIMPLEPANEL;29;6;9;3;137;
[PROJECTRESOURCE];54;13;19;3;297;
CREATETABLEGENERATOR;29;6;12;3;131;
[INTROSPECTABLE];29;6;9;3;142;
JLIST;62;18;19;5;696;
ABSTRACTHIERARCHYPROVIDER;29;6;9;3;160;
[BOTMANAGER];29;6;12;3;131;
[CODEC];29;18;15;5;222;
GETITEMSRESULT;29;6;9;3;131;
[PERSPECTIVESMANAGER];29;6;9;3;131;
[CHANGEEMAILADDRESSHANDLER];29;6;9;3;131;
[LANGTAGCRITERIA];29;6;9;3;131;
[PAYMENTSAVINGLOGIC];29;6;9;3;131;
ABSTRACTACCESSDECISIONVOTER;29;6;9;3;131;
CELLTABLE;29;8;9;5;580;
FILEFILTER;60;12;11;3;233;
ABSTRACTBUILDER;29;6;9;3;138;
[PROJECTITERATIONLOCALESRESOURCE];29;6;13;3;131;
[COPYABLE];56;19;9;3;268;
APPLICATIONEVENT;29;6;9;3;131;
TEXTCONTAINER;64;23;9;3;225;
JBUTTON;29;6;9;3;131;
